/*
SQLyog Enterprise - MySQL GUI v6.13
MySQL - 5.1.36-community-log : Database - belamdep_kinhphapcu
*********************************************************************
*/

/*!40101 SET NAMES utf8 */;

/*!40101 SET SQL_MODE=''*/;

create database if not exists `belamdep_kinhphapcu`;

USE `belamdep_kinhphapcu`;

/*!40014 SET @OLD_FOREIGN_KEY_CHECKS=@@FOREIGN_KEY_CHECKS, FOREIGN_KEY_CHECKS=0 */;
/*!40101 SET @OLD_SQL_MODE=@@SQL_MODE, SQL_MODE='NO_AUTO_VALUE_ON_ZERO' */;

/*Data for the table `content` */

LOCK TABLES `content` WRITE;

insert  into `content`(`id`,`text`,`image`,`pham`) values (1,'1. Ý dẫn đầu các pháp,\r\nÝ làm chủ, ý tạo;\r\nNếu với ý ô nhiễm,\r\nNói lên hay hành động,\r\nKhổ não bước theo sau,\r\nNhư xe, chân vật kéo.','1',1),(2,'2. Ý dẫn đầu các pháp,\r\nÝ làm chủ, ý tạo;\r\nNếu với ý thanh tịnh,\r\nNói lên hay hành động,\r\nAn lạc bước theo sau,\r\nNhư bóng, không rời hình.','2',1),(3,'3. Nó mắng tôi, đánh tôi,\r\nNó thắng tôi, cướp tôi\r\nAi ôm hiềm hận ấy,\r\nHận thù không thể nguôi.','3',1),(4,'4. Nó mắng tôi, đánh tôi,\r\nNó thắng tôi, cướp tôi\r\nKhông ôm hiềm hận ấy,\r\nHận thù được tự nguôi.\r\n','4',1),(5,'5. Với hận diệt hận thù,\r\nÐời này không có được.\r\nKhông hận diệt hận thù,\r\nLà định luật ngàn thu.','5',1),(6,'6. Và người khác không biết,\r\nChúng ta đây bị hại.\r\nChỗ ấy, ai hiểu được\r\nTranh luận được lắng êm.\r\n','6',1),(7,'7. Ai sống nhìn tịnh tướng,\r\nKhông hộ trì các căn,\r\năn uống thiếu tiết độ,\r\nbiếng nhác, chẳng tinh cần.\r\nMa uy hiếp kẻ ấy,\r\nnhư cây yếu trước gió.','7',1),(8,'8. Ai sống quán bất tịnh,\r\nKhéo hộ trì các căn,\r\năn uống có tiết độ,\r\nCó lòng tin, tinh cần,\r\nMa không uy hiếp được,\r\nNhư núi đá, trước gió.\r\n','8',1),(9,'9. Ai mặc áo cà sa. [1]\r\ntâm chưa rời uế trược,\r\nkhông tự chế, không thực,\r\nkhông xứng áo cà sa ','9',1),(10,'10. Ai rời bỏ uế trược,\r\ngiới luật khéo nghiêm trì,\r\ntự chế, sống chơn thực,\r\nthật xứng áo cà sa.','10',1),(11,'11. Không chân, tưởng chân thật,\r\nchân thật, thấy không chân:\r\nchúng không đạt chân thật,\r\ndo tà tư, tà hạnh.\r\n','11',1),(12,'12. Chân thật, biết chân thật,\r\nKhông chân, biết không chân:\r\nchúng đạt được chân thật,\r\ndo chánh tư, chánh hạnh.','12',1),(13,'13. Như mái nhà vụng lợp,\r\nMưa liền xâm nhập vào.\r\nCũng vậy tâm không tu,\r\nTham dục liền xâm nhập.','13',1),(14,'14. Như ngôi nhà khéo lợp,\r\nMưa không xâm nhập vào.\r\nCũng vậy tâm khéo tu,\r\nTham dục không xâm nhập.','14',1),(15,'15. Nay sầu, đời sau sầu,\r\nKẻ ác, hai đời sầu;\r\nNó sầu, nó ưu não,\r\nThấy nghiệp uế mình làm.','15',1),(16,'16. Nay vui, đời sau vui,\r\nLàm phước, hai đời vui,\r\nNó vui, nó an vui,\r\nThấy nghiệp tịnh mình làm.','16',1),(17,'17. Nay than, đời sau than,\r\nKẻ ác, hai đời than,\r\nNó than: \'Ta làm ác\'\r\nÐọa cõi dữ, than hơn.','17',1),(18,'18. Nay sướng, đời sau sướng,\r\nLàm phước, hai đời sướng.\r\nNó sướng: \'Ta làm thiện\',\r\nSanh cõi lành, sướng hơn.','18',1),(19,'19. Nếu người nói nhiều kinh,\r\nKhông hành trì, phóng dật;\r\nNhư kẻ chăn bò người,\r\nKhông phần Sa môn hạnh.','19',1),(20,'20. Dầu nói ít kinh điển,\r\nNhưng hành pháp, tùy pháp,\r\nTừ bỏ tham, sân, si,\r\nTĩnh giác, tâm giải thoát,\r\nKhông chấp thủ hai đời,\r\nDự phần Sa môn hạnh.','20',1),(21,'21. Không phóng dật, đường sống,\r\nPhóng dật là đường chết.\r\nKhông phóng dật, không chết,\r\nPhóng dật như chết rồi.','21',2),(22,'22. Biết rõ sai biệt ấy,\r\nNgười trí không phóng dật,\r\nHoan hỷ, không phóng dật,\r\nAn vui hạnh bậc Thánh.','22',2),(23,'23. Người hằng tu thiền định,\r\nThường kiên trì tinh tấn.\r\nBậc trí hưởng Niết Bàn,\r\nÐạt an tịnh vô thượng.','23',2),(24,'24. Nỗ lực, giữ chánh niệm,\r\nTịnh hạnh, hành thận trọng\r\nTự điều, sống theo pháp,\r\nAi sống không phóng dật,\r\nTiếng lành ngày tăng trưởng.','24',2),(25,'25. Nỗ lực, không phóng dật,\r\nTự điều, khéo chế ngự.\r\nBậc trí xây hòn đảo,\r\nNước lụt khó ngập tràn.','25',2),(26,'26. Chúng ngu si, thiếu trí,\r\nChuyên sống đời phóng dật.\r\nNgười trí, không phóng dật,\r\nNhư giữ tài sản quý.\r\n','26',2),(27,'27. Chớ sống đời phóng dật,\r\nChớ mê say dục lạc.\r\nKhông phóng dật, thiền định,\r\nÐạt được an lạc lớn.\r\n','27',2),(28,'28. Người trí dẹp phóng dật,\r\nVới hạnh không phóng dật,\r\nLeo lầu cao trí tuệ,\r\nKhông sầu, nhìn khổ sầu,\r\nBậc trí đứng núi cao,\r\nNhìn kẻ ngu, đất bằng.\r\n','28',2),(29,'29. Tinh cần giữa phóng dật,\r\nTỉnh thức giữa quần mê.\r\nNgười trí như ngựa phi,\r\nBỏ sau con ngựa hèn.\r\n','29',2),(30,'30. Ðế Thích [1] không phóng dật,\r\nÐạt ngôi vị Thiên chủ.\r\nKhông phóng dật, được khen ;\r\nPhóng dật, thường bị trách.','30',2),(31,'31. Vui thích không phóng dật,\r\nTỷ kheo sợ phóng dật,\r\nBước tới như lửa hừng,\r\nThiêu kiết sử lớn nhỏ.\r\n','31',2),(32,'32. Vui thích không phóng dật,\r\nTỷ kheo sợ phóng dật,\r\nKhông thể bị thối đọa,\r\nNhất định gần Niết Bàn.','32',2),(33,'33. Tâm hoảng hốt giao động,\r\nKhó hộ trì, khó nhiếp,\r\nNgười trí làm tâm thẳng,\r\nNhư thợ tên, làm tên.','33',3),(34,'34. Như cá quăng lên bờ,\r\nVất ra ngoài thủy giới;\r\nTâm này vùng vẫy mạnh,\r\nHãy đoạn thế lực Ma.\r\n','34',3),(35,'35. Khó nắm giữ, khinh động,\r\nTheo các dục quay cuồng.\r\nLành thay, điều phục tâm;\r\nTâm điều, an lạc đến.\r\n','35',3),(36,'36. Tâm khó thấy, tế nhị,\r\nTheo các dục quay cuồng.\r\nNgười trí phòng hộ tâm,\r\nTâm hộ, an lạc đến.','36',3),(37,'37. Chạy xa, sống một mình,\r\nKhông thân, ẩn hang sâu [1]\r\nAi điều phục được tâm,\r\nThoát khỏi Ma trói buộc. [2]','37',3),(38,'38. Ai tâm không an trú,\r\nKhông biết chân diệu pháp,\r\nTịnh tín bị rúng động,\r\nTrí tuệ không viên thành.','38',3),(39,'39. Tâm không đầy tràn dục,\r\nTâm không (hận) công phá,\r\nÐoạn tuyệt mọi thiện ác,\r\nKẻ tỉnh không sợ hãi.','39',3),(40,'40. Biết thân như đồ gốm,\r\nTrú tâm như thành trì,\r\nChống Ma với gươm trí ;\r\nGiữ chiến thắng [3] không tham [4]\r\n','40',3),(41,'41. Không bao lâu thân này,\r\nSẽ nằm dài trên đất,\r\nBị vất bỏ, vô thức,\r\nNhư khúc cây vô dụng.','41',3),(42,'42. Kẻ thù hại kẻ thù,\r\nOan gia hại oan gia,\r\nKhông bằng tâm hướng tà, [5]\r\nGây ác cho tự thân.','42',3),(43,'43. Ðiều mẹ cha bà con,\r\nKhông có thể làm được,\r\nTâm hướng chánh làm được\r\nLàm được tốt đẹp hơn.','43',3),(44,'44. \"Ai chinh phục đất này\r\nDạ ma, Thiên giới này?\r\nAi khéo giảng Pháp cú,\r\nNhư người khéo hái hoa?\"','44',4),(45,'45. \"Hữu học chinh phục đất,\r\nDạ ma, Thiên giới này.\r\nHữu học giảng Pháp cú,\r\nNhư người khéo hái hoa.\"','45',4),(46,'46. \"Biết thân như bọt nước,\r\nNgộ thân là như huyễn,\r\nBẻ tên hoa của ma,\r\nVượt tầm mắt thần chết.\"','46',4),(47,'47. \"Người nhặt các loại hoa,\r\nÝ đắm say, tham nhiễm,\r\nBị thần chết mang đi,\r\nNhư lụt trôi làng ngủ.\"','47',4),(48,'48. \"Người nhặt các loại hoa,\r\nÝ đắm say tham nhiễm,\r\nCác dục chưa thỏa mãn,\r\nÐã bị chết chinh phục.\"','48',4),(49,'49. \"Như ong đến với hoa,\r\nKhông hại sắc và hương,\r\nChe chở hoa, lấy nhụy.\r\nBậc Thánh đi vào làng \".\r\n','49',4),(50,'50. \"Không nên nhìn lỗi người,\r\nNgười làm hay không làm.\r\nNên nhìn tự chính mình.\r\nCó làm hay không làm.\" ','50',4),(51,'51. \"Như bông hoa tươi đẹp,\r\nCó sắc nhưng không hương.\r\nCũng vậy, lời khéo nói,\r\nKhông làm, không kết quả.\" ','51',4),(52,'52. \"Như bông hoa tươi đẹp,\r\nCó sắc lại thêm hương;\r\nCũng vậy, lời khéo nói,\r\nCó làm, có kết quả.\" ','52',4),(53,'53. \"Như từ một đống hoa,\r\nNhiều tràng hoa được làm.\r\nCũng vậy, thân sanh tử,\r\nPhải làm nhiều việc lành.\" ','53',4),(54,'54. \"Hương các loại hoa thơm\r\nKhông ngược bay chiều gió\r\nNhưng hương người đức hạnh\r\nNgược gió khắp tung bay\r\nChỉ có bậc chân nhân\r\nTỏa khắp mọi phương trời.\" ','54',4),(55,'55. \"Hoa chiên đàn, già la,\r\nHoa sen, hoa vũ quý,\r\nGiữa những hương hoa ấy,\r\nGiới hương là vô thượng.\"','55',4),(56,'56. \"Ít giá trị hương này,\r\nHương già la, chiên đàn;\r\nChỉ hương người đức hạnh,\r\nTối thượng tỏa Thiên giới.\" ','56',4),(57,'57. \"Nhưng ai có giới hạnh,\r\nAn trú không phóng dật,\r\nChánh trí, chơn giải thoát,\r\nÁc ma không thấy đường.\" ','57',4),(58,'58. \"Như giữa đống rác nhớp,\r\nQuăng bỏ trên đường lớn,\r\nChỗ ấy hoa sen nở,\r\nThơm sạch, đẹp ý người.\" ','58',4),(59,'59. \"Cũng vậy giữa quần sanh,\r\nUế nhiễm, mù, phàm tục,\r\nÐệ tử bậc Chánh Giác,\r\nSáng ngời với Tuệ Trí.\"','59',4),(60,'60. \"Ðêm dài cho kẻ thức,\r\nÐường dài cho kẻ mệt,\r\nLuân hồi dài, kẻ ngu,\r\nKhông biết chơn diệu pháp.\"','60',5),(61,'61. \"Tìm không được bạn đường,\r\nHơn mình hay bằng mình,\r\nThà quyết sống một mình,\r\nKhông bè bạn kẻ ngu.\"','61',5),(62,'62. \"Con tôi, tài sản tôi,\r\nNgười ngu sanh ưu não,\r\nTự ta, ta không có,\r\nCon đâu, tài sản đâu.\"','62',5),(63,'63. \"Người ngu nghĩ mình ngu,\r\nNhờ vậy thành có trí.\r\nNgười ngu tưởng có trí,\r\nThật xứng gọi chí ngu.\"','63',5),(64,'64. \"Người ngu, dầu trọn đời,\r\nThân cận người có trí,\r\nKhông biết được Chánh pháp,\r\nNhư muỗng với vị canh.\"','64',5),(65,'65. \"Người trí, dầu một khắc,\r\nThân cận người có trí,\r\nBiết ngay chân diệu pháp,\r\nNhư lưỡi với vị canh.\" ','65',5),(66,'66. \"Người ngu si thiếu trí,\r\nTự ngã thành kẻ thù.\r\nLàm các nghiệp không thiện,\r\nPhải chịu quả đắng cay.\" ','66',5),(67,'67. \"Nghiệp làm không chánh thiện,\r\nLàm rồi sanh ăn năn,\r\nMặt nhuốm lệ, khóc than,\r\nLãnh chịu quả dị thục.\"\r\n','67',5),(68,'68. \"Và nghiệp làm chánh thiện,\r\nLàm rồi không ăn năn,\r\nHoan hỷ, ý đẹp lòng,\r\nHưởng thọ quả dị thục.\" ','68',5),(69,'69. \"Người ngu nghĩ là ngọt,\r\nKhi ác chưa chín muồi;\r\nÁc nghiệp chín muồi rồi,\r\nNgười ngu chịu khổ đau.\"','69',5),(70,'70. \"Tháng tháng với ngọn cỏ,\r\nNgười ngu có ăn uống\r\nKhông bằng phần mười sáu\r\nNgười hiểu pháp hữu vi.\" ','70',5),(71,'71. \"Nghiệp ác đã được làm,\r\nNhư sữa, không đông ngay,\r\nCháy ngầm theo kẻ ngu,\r\nNhư lửa tro che đậy.\" ','71',5),(72,'72. \"Tự nó chịu bất hạnh,\r\nKhi danh đến kẻ ngu.\r\nVận may bị tổn hại,\r\nÐầu nó bị nát tan.\" ','72',5),(73,'73. \"Ưa danh không tương xứng,\r\nMuốn ngồi trước tỷ kheo,\r\nƯa quyền tại tịnh xá,\r\nMuốn mọi người lễ kính.\" ','73',5),(74,'74. \"Mong cả hai tăng, tục,\r\nNghĩ rằng (chính ta làm).\r\nTrong mọi việc lớn nhỏ,\r\nPhải theo mệnh lệnh ta \"\r\nNgười ngu nghĩ như vậy\r\nDục và mạn tăng trưởng.','74',5),(75,'75. \"Khác thay duyên thế lợi,\r\nKhác thay đường Niết Bàn.\r\nTỷ kheo, đệ tử Phật,\r\nHãy như vậy thắng tri.\r\nChớ ưa thích cung kính,\r\nHãy tu hạnh viễn ly.\" ','75',5),(76,'76. \"Nếu thấy bậc hiền trí,\r\nChỉ lỗi và khiển trách,\r\nNhư chỉ chỗ chôn vàng\r\nHãy thân cận người trí!\r\nThân cận người như vậy,\r\nChỉ tốt hơn, không xấu.\"','76',6),(77,'77. \"Những người hay khuyên dạy,\r\nNgăn người khác làm ác,\r\nÐược người hiền kính yêu,\r\nBị người ác không thích.\"','77',6),(78,'78. \"Chớ thân với bạn ác,\r\nChớ thân kẻ tiểu nhân.\r\nHãy thân người bạn lành,\r\nHãy thân bậc thượng nhân.\"','78',6),(79,'79. \"Pháp hỷ đem an lạc,\r\nVới tâm tư thuần tịnh;\r\nNgười trí thường hoan hỷ,\r\nVới pháp bậc Thánh thuyết.\"','79',6),(80,'80. \"Người trị thủy dẫn nước,\r\nKẻ làm tên nắn tên,\r\nNgười thợ mộc uốn gỗ,\r\nBậc trí nhiếp tự thân.\"','80',6),(81,'81. \"Như đá tảng kiên cố,\r\nKhông gió nào giao động,\r\nCũng vậy, giữa khen chê,\r\nNgười trí không giao động.\"','81',6),(82,'82. \"Như hồ nước sâu thẳm,\r\nTrong sáng, không khuấy đục,\r\nCũng vậy, nghe chánh pháp,\r\nNgười trí hưởng tịnh lạc.\" ','82',6),(83,'83. \"Người hiền bỏ tất cả,\r\nNgười lành không bàn dục,\r\nDầu cảm thọ lạc khổ,\r\nBậc trí không vui buồn.\"','83',6),(84,'84. \"Không vì mình, vì người.\r\nKhông cầu được con cái,\r\nKhông tài sản quốc độ,\r\nKhông cầu mình thành tựu,\r\nVới việc làm phi pháp.\r\nVị ấy thật trì giới,\r\nCó trí tuệ, đúng pháp.\" ','84',6),(85,'85. \"Ít người giữa nhân loại,\r\nÐến được bờ bên kia\r\nCòn số người còn lại,\r\nXuôi ngược chạy bờ này.\"','85',6),(86,'86. \"Những ai hành trì pháp,\r\nTheo chánh pháp khéo dạy,\r\nSẽ đến bờ bên kia,\r\nVượt ma lực khó thoát.\" ','86',6),(87,'87. \"Kẻ trí bỏ pháp đen,\r\nTu tập theo pháp trắng.\r\nBỏ nhà, sống không nhà,\r\nSống viễn ly khổ lạc.\" ','87',6),(88,'88. \"Hãy cầu vui Niết Bàn,\r\nBỏ dục, không sở hữu,\r\nKẻ trí tự rửa sạch,\r\nCấu uế từ nội tâm.\" ','88',6),(89,'89. \"Những ai với chánh tâm,\r\nKhéo tu tập giác chi,\r\nTừ bỏ mọi ái nhiễm,\r\nHoan hỷ không chấp thủ.\r\nKhông lậu hoặc, sáng chói,\r\nSống tịch tịnh ở đời.\" ','89',6),(90,'90. \"Ðích đã đến, không sầu,\r\nGiải thoát ngoài tất cả,\r\nÐoạn trừ mọi buộc ràng,\r\nVị ấy không nhiệt não.\"','90',7),(91,'91. \"Tự sách tấn, chánh niệm,\r\nKhông thích cư xá nào,\r\nNhư ngỗng trời rời ao,\r\nBỏ sau mọi trú ẩn.\"','91',7),(92,'92. \"Tài sản không chất chứa,\r\nĂn uống biết liễu tri,\r\nTự tại trong hành xứ,\r\n\"Không vô tướng, giải thoát, \"\r\nNhư chim giữa hư không,\r\nHướng chúng đi khó tìm.\" ','92',7),(93,'93. \"Ai lậu hoặc đoạn sạch,\r\nĂn uống không tham đắm,\r\nTự tại trong hành xứ,\r\n\"Không, vô tướng giải thoát. \"\r\nNhư chim giữa hư không,\r\nDấu chân thật khó tìm. \"','93',7),(94,'94. \"Ai nhiếp phục các căn,\r\nNhư đánh xe điều ngự,\r\nMạn trừ, lậu hoặc dứt,\r\nNgười vậy, Chư Thiên mến.\"','94',7),(95,'95. \"Như đất, không hiềm hận,\r\nNhư cột trụ, kiên trì,\r\nNhư hồ, không bùn nhơ,\r\nKhông luân hồi, vị ấy.\"','95',7),(96,'96. \"Người tâm ý an tịnh,\r\nLời an, nghiệp cũng an,\r\nChánh trí, chơn giải thoát,\r\nTịnh lạc là vị ấy.\" ','96',7),(97,'97. \"Không tin, hiểu vô vi.\r\nNgười cắt mọi hệ lụy\r\nCơ hội tận, xả ly\r\nVị ấy thật tối thượng.\"','97',7),(98,'98. \"Làng mạc hay rừng núi\r\nThung lũng hay đồi cao,\r\nLa Hán trú chỗ nào,\r\nÐất ấy thật khả ái \".','98',7),(99,'99. \"Khả ái thay núi rừng,\r\nChỗ người phàm không ưa,\r\nVị ly tham ưa thích,\r\nVì không tìm dục lạc.\" ','99',7),(100,'100. \"Dầu nói ngàn ngàn lời,\r\nNhưng không gì lợi ích,\r\nTốt hơn một câu nghĩa,\r\nNghe xong, được tịnh lạc.\"','100',8),(101,'101. \"Dầu nói ngàn câu kệ\r\nNhưng không gì lợi ích,\r\nTốt hơn nói một câu,\r\nNghe xong, được tịnh lạc.\"','101',8),(102,'102. \"Dầu nói trăm câu kệ\r\nNhưng không gì lợi ích,\r\nTốt hơn một câu pháp,\r\nNghe xong, được tịnh lạc.\"','102',8),(103,'103. \"Dầu tại bãi chiến trường\r\nThắng ngàn ngàn quân địch,\r\nTự thắng mình tốt hơn,\r\nThật chiến thắng tối thượng.\"','103',8),(104,'104. \"Tự thắng, tốt đẹp hơn,\r\nHơn chiến thắng người khác.\r\nNgười khéo điều phục mình,\r\nThường sống tự chế ngự.\"','104',8),(105,'105. \"Dầu Thiên Thần, Thát Bà,\r\nDầu Ma vương, Phạm Thiên\r\nKhông ai chiến thắng nổi,\r\nNgười tự thắng như vậy.\"','105',8),(106,'106. \"Tháng tháng bỏ ngàn vàng,\r\nTế tự cả trăm năm,\r\nChẳng bằng trong giây lát,\r\nCúng dường bậc tự tu.\r\nCùng dường vậy tốt hơn,\r\nHơn trăm năm tế tự.\" ','106',8),(107,'107. \"Dầu trải một trăm năm,\r\nThờ lửa tại rừng sâu,\r\nChẳng bằng trong giây lát,\r\nCúng dường bậc tự tu.\r\nCúng dường vậy tốt hơn,\r\nHơn trăm năm tế tự.\"','107',8),(108,'108. \"Suốt năm cúng tế vật,\r\nÐể cầu phước ở đời.\r\nKhông bằng một phần tư\r\nKính lễ bậc chánh trực.\" ','108',8),(109,'109. \"Thường tôn trọng, kính lễ\r\nBậc kỳ lão trưởng thượng,\r\nBốn pháp được tăng trưởng:\r\nThọ, sắc, lạc, sức mạnh.\" ','109',8),(110,'110. Dầu sống một trăm năm\r\nÁc giới, không thiền định,\r\nTốt hơn sống một ngày,\r\nTrì giới, tu thiền định.\" ','110',8),(111,'111. \"Ai sống một trăm năm,\r\nÁc tuệ, không thiền định.\r\nTốt hơn sống một ngày,\r\nCó tuệ, tu thiền định.\"','111',8),(112,'112. \"Ai sống một trăm năm,\r\nLười nhác không tinh tấn,\r\nTốt hơn sống một ngày\r\nTinh tấn tận sức mình.\" ','112',8),(113,'113. \"Ai sống một trăm năm,\r\nKhông thấy pháp sinh diệt,\r\nTốt hơn sống một ngày,\r\nThấy được pháp sinh diệt.\"','113',8),(114,'114. \"Ai sống một trăm năm,\r\nKhông thấy câu bất tử,\r\nTốt hơn sống một ngày,\r\nThấy được câu bất tử.\" ','114',8),(115,'115. \"Ai sống một trăm năm,\r\nKhông thấy pháp tối thượng,\r\nTốt hơn sống một ngày,\r\nThấy được pháp tối thượng.\"','115',8),(116,'116. \"Hãy gấp làm điều lành,\r\nNgăn tâm làm điều ác.\r\nAi chậm làm việc lành,\r\nÝ ưa thích việc ác.\" ','116',9),(117,'117. \"Nếu người làm điều ác,\r\nChớ tiếp tục làm thêm.\r\nChớ ước muốn điều ác,\r\nChứa ác, tất chịu khổ.\"','117',9),(118,'118. \"Nếu người làm điều thiện,\r\nNên tiếp tục làm thêm.\r\nHãy ước muốn điều thiện,\r\nChứa thiện, được an lạc.\" ','118',9),(119,'119. \"Người ác thấy là hiền.\r\nKhi ác chưa chín muồi,\r\nKhi ác nghiệp chín muồi,\r\nNgười ác mới thấy ác.\"','119',9),(120,'120. \"Người hiền thấy là ác,\r\nKhi thiện chưa chín muồi.\r\nKhi thiện được chín muồi,\r\nNgười hiền thấy là thiện.\" ','120',9),(121,'121. \"Chớ chê khinh điều ác,\r\nCho rằng \"chưa đến mình \",\r\nNhư nước nhỏ từng giọt,\r\nRồi bình cũng đầy tràn.\r\nNgười ngu chứa đầy ác\r\nDo chất chứa dần dần.\" ','121',9),(122,'122. \"Chớ chê khinh điều thiện\r\nCho rằng \"Chưa đến mình, \"\r\nNhư nước nhỏ từng giọt,\r\nRồi bình cũng đầy tràn.\r\nNgười trí chứa đầy thiện,\r\nDo chất chứa dần dần.\" ','122',9),(123,'123. \"Ít bạn đường, nhiều tiền,\r\nNgười buôn tránh đường hiểm.\r\nMuốn sống, tránh thuốc độc,\r\nHãy tránh ác như vậy.\" ','123',9),(124,'124. \"Bàn tay không thương tích,\r\nCó thể cầm thuốc độc.\r\nKhông thương tích, tránh độc,\r\nKhông làm, không có ác.\" ','124',9),(125,'125. \"Hại người không ác tâm,\r\nNgười thanh tịnh, không uế,\r\nTội ác đến kẻ ngu,\r\nNhư ngược gió tung bụi.\" ','125',9),(126,'126. \"Một số sinh bào thai,\r\nKẻ ác sinh địa ngục,\r\nNgười thiện lên cõi trời,\r\nVô lậu chứng Niết Bàn.\" ','126',9),(127,'127. \"Không trên trời, giữa biển,\r\nKhông lánh vào động núi,\r\nKhông chỗ nào trên đời,\r\nTrốn được quả ác nghiệp.\" ','127',9),(128,'128. \"Không trên trời, giữa biển,\r\nKhông lánh vào động núi,\r\nKhông chỗ nào trên đời,\r\nTrốn khỏi tay thần chết.\" ','128',9),(129,'129. \"Mọi người sợ hình phạt,\r\nMọi người sợ tử vong.\r\nLấy mình làm ví dụ\r\nKhông giết, không bảo giết.\" ','129',10),(130,'130. \"Mọi người sợ hình phạt,\r\nMọi người thích sống còn;\r\nLấy mình làm ví dụ,\r\nKhông giết, không bảo giết.\" ','130',10),(131,'131. \"Chúng sanh cầu an lạc,\r\nAi dùng trượng hại người,\r\nÐể tìm lạc cho mình,\r\nÐời sau không được lạc.\"','131',10),(132,'132. \"Chúng sanh cầu an lạc,\r\nKhông dùng trượng hại người,\r\nÐể tìm lạc cho mình,\r\nÐời sau được hưởng lạc.\"','132',10),(133,'133. \"Chớ nói lời ác độc,\r\nNói ác, bị nói lại,\r\nKhổ thay lời phẩn nộ,\r\nÐao trượng phản chạm mình.\" ','133',10),(134,'134. \"Nếu tự mình yên lặng,\r\nNhư chiếc chuông bị bể.\r\nNgươi đã chứng Niết Bàn\r\nNgươi không còn phẩn nộ.\"','134',10),(135,'135. \"Với gậy người chăn bò,\r\nLùa bò ra bãi cỏ;\r\nCũng vậy, già và chết,\r\nLùa người đến mạng chung.\" ','135',10),(136,'136. \"Người ngu làm điều ác,\r\nKhông ý thức việc làm.\r\nDo tự nghiệp, người ngu\r\nBị nung nấu, như lửa.\" ','136',10),(137,'137. \"Dùng trượng phạt không trượng,\r\nLàm ác người không ác.\r\nTrong mười loại khổ đau,\r\nChịu gấp một loại khổ.\" ','137',10),(138,'138. \"Hoặc khổ thọ khốc liệt,\r\nThân thể bị thương vong,\r\nHoặc thọ bệnh kịch liệt,\r\nHay loạn ý tán tâm.\"','138',10),(139,'139. \"Hoặc tai họa từ vua,\r\nHay bị vu trọng tội;\r\nBà con phải ly tán,\r\nTài sản bị nát tan.\" ','139',10),(140,'140. \"Hoặc phòng ốc nhà cửa\r\nBị hỏa tai thiêu đốt.\r\nKhi thân hoại mạng chung,\r\nÁc tuệ sanh địa ngục.\"','140',10),(141,'141. \"Không phải sống lõa thể\r\nBện tóc, tro trét mình,\r\nTuyệt thực, lăn trên đất,\r\nSống nhớp, siêng ngồi xổm,\r\nLàm con người được sạch,\r\nNếu không trừ nghi hoặc.\" ','141',10),(142,'142. \"Ai sống tự trang sức,\r\nNhưng an tịnh, nhiếp phục,\r\nSống kiên trì, phạm hạnh,\r\nKhông hại mọi sinh linh,\r\nVị ấy là phạm chí,\r\nHay sa môn, khất sĩ.\"','142',10),(143,'143. \"Thật khó tìm ở đời,\r\nNgười biết thẹn, tự chế,\r\nBiết tránh né chỉ trích\r\nNhư ngựa hiền tránh roi.\" ','143',10),(144,'144. \"Như ngựa hiền chạm roi,\r\nHãy nhiệt tâm, hăng hái,\r\nVới tín, giới, tinh tấn,\r\nThiền định cùng trạch pháp.\r\nMinh hạnh đủ, chánh niệm,\r\nÐoạn khổ này vô lượng.\"','144',10),(145,'145. \"Người trị thủy dẫn nước,\r\nKẻ làm tên nắn tên,\r\nNgười thợ mộc uốn ván,\r\nBậc tự điều, điều thân.\"','145',10),(146,'146. \"Cười gì, hân hoan gì,\r\nKhi đời mãi bị thiêu?\r\nBị tối tăm bao trùm,\r\nSao không tìm ngọn đèn?\" ','146',11),(147,'147. \"Hãy xem bong bóng đẹp,\r\nChỗ chất chứa vết thương,\r\nBệnh hoạn nhiều suy tư,\r\nThật không gì trường cửu.\"','147',11),(148,'148. \"Sắc này bị suy già,\r\nỔ tật bệnh, mỏng manh,\r\nNhóm bất tịnh, đỗ vỡ,\r\nChết chấm dứt mạng sống.\" ','148',11),(149,'149. \"Như trái bầu mùa thu,\r\nBị vất bỏ quăng đi,\r\nNhóm xương trắng bồ câu,\r\nThấy chúng còn vui gì?\" ','149',11),(150,'150. \"Thành này làm bằng xương,\r\nQuét tô bằng thịt máu,\r\nỞ đây già và chết,\r\nMạn, lừa đảo chất chứa.\"','150',11),(151,'151. \"Xe vua đẹp cũng già.\r\nThân này rồi sẽ già,\r\nPháp bậc thiện, không già.\r\nNhư vậy bậc chí thiện\r\nNói lên cho bậc thiện.\" ','151',11),(152,'152. \"Người ít nghe kém học,\r\nLớn già như trâu đực.\r\nThịt nó tuy lớn lên,\r\nNhưng tuệ không tăng trưởng.\" ','152',11),(153,'153. \"Lang thang bao kiếp sống\r\nTa tìm nhưng chẳng gặp,\r\nNgười xây dựng nhà này,\r\nKhổ thay, phải tái sanh.\" ','153',11),(154,'154. \"Ôi! Người làm nhà kia\r\nNay ta đã thấy ngươi!\r\nNgươi không làm nhà nữa.\r\nÐòn tay ngươi bị gẫy,\r\nKèo cột ngươi bị tan\r\nTâm ta đạt tịch diệt,\r\nTham ái thảy tiêu vong.\" ','154',11),(155,'155. \"Lúc trẻ, không phạm hạnh,\r\nKhông tìm kiếm bạc tiền.\r\nNhư cò già bên ao,\r\nỦ rũ, không tôm cá.\" ','155',11),(156,'156. \"Lúc trẻ không phạm hạnh,\r\nKhông tìm kiếm bạc tiền;\r\nNhư cây cung bị gẫy,\r\nThở than những ngày qua.\"','156',11),(157,'157. \"Nếu biết yêu tự ngã,\r\nPhải khéo bảo vệ mình,\r\nNgười trí trong ba canh,\r\nPhải luôn luôn tỉnh thức.\" ','157',12),(158,'158. \"Trước hết tự đặt mình,\r\nVào những gì thích đáng.\r\nSau mới giáo hóa người,\r\nNgười trí khỏi bị nhiễm.\" ','158',12),(159,'159. \"Hãy tự làm cho mình,\r\nNhư điều mình dạy người.\r\nKhéo tự điều, điều người,\r\nKhó thay, tự điều phục!\" ','159',12),(160,'160. \"Tự mình y chỉ mình,\r\nNào có y chỉ khác.\r\nNhờ khéo điều phục mình,\r\nÐược y chỉ khó được.\" ','160',12),(161,'161. \"Ðiều ác tự mình làm,\r\nTự mình sanh, mình tạo.\r\nNghiền nát kẻ ngu si,\r\nNhư kim cương, ngọc báu.\" ','161',12),(162,'162. \"Phá giới quá trầm trọng,\r\nNhư dây leo bám cây\r\nGieo hại cho tự thân,\r\nNhư kẻ thù mong ước.\" ','162',12),(163,'163. \"Dễ làm các điều ác,\r\nDễ làm tự hại mình.\r\nCòn việc lành, việc tốt,\r\nThật tối thượng khó làm.\" ','163',12),(164,'164. \"Kẻ ngu si miệt thị,\r\nGiáo pháp bậc La Hán,\r\nBậc Thánh, bậc chánh mạng.\r\nChính do ác kiến này,\r\nNhư quả loại cây lau\r\nMang quả tự hoại diệt.\" ','164',12),(165,'165. \"Tự mình, làm điều ác,\r\nTự mình làm nhiễm ô,\r\nTự mình không làm ác,\r\nTự mình làm thanh tịnh.\r\nTịnh, không tịnh tự mình,\r\nKhông ai thanh tịnh ai!\" ','165',12),(166,'166. \"Chớ theo pháp hạ liệt.\r\nChớ sống mặc, buông lung;\r\nChớ tin theo tà kiến,\r\nChớ tăng trưởng tục trần.\"','166',12),(167,'167. \"Dầu lợi người bao nhiêu,\r\nChớ quên phần tư lợi,\r\nNhờ thắng trí tư lợi.\r\nHãy chuyên tâm lợi mình.\" ','167',13),(168,'168. \"Nỗ lực, chớ phóng dật!\r\nHãy sống theo chánh hạnh;\r\nNgười chánh hạnh hưởng lạc,\r\nCả đời này, đời sau.\"','168',13),(169,'169. \"Hãy khéo sống chánh hạnh,\r\nChớ sống theo tà hạnh!\r\nNgười chánh hạnh hưởng lạc,\r\nCả đời này, đời sau.\" ','169',13),(170,'170. \"Hãy nhìn như bọt nước,\r\nHãy nhìn như cảnh huyễn!\r\nQuán nhìn đời như vậy,\r\nThần chết không bắt gặp.\"','170',13),(171,'171. \"Hãy đến nhìn đời này,\r\nNhư xe vua lộng lẫy,\r\nNgười ngu mới tham đắm,\r\nKẻ trí nào đắm say.\" ','171',13),(172,'172. \"Ai sống trước buông lung,\r\nSau sống không phóng dật,\r\nChói sáng rực đời này.\r\nNhư trăng thoát mây che.\"','172',13),(173,'173. \"Ai dùng các hạnh lành,\r\nLàm xóa mờ nghiệp ác,\r\nChói sáng rực đời này,\r\nNhư trăng thoát mây che.\" ','173',13),(174,'174. \"Ðời này thật mù quáng,\r\nÍt kẻ thấy rõ ràng.\r\nNhư chim thoát khỏi lưới,\r\nRất ít đi thiên giới.\"','174',13),(175,'175. \"Như chim thiên nga bay,\r\nThần thông liệng giữa trời;\r\nChiến thắng ma, ma quân,\r\nKẻ trí thoát đời này.\" ','175',13),(176,'176. \"Ai vi phạm một pháp,\r\nAi nói lời vọng ngữ,\r\nAi bác bỏ đời sau,\r\nKhông ác nào không làm.\"','176',13),(177,'177. \"Keo kiết không sanh thiên,\r\nKẻ ngu ghét bố thí,\r\nNgười trí thích bố thí,\r\nÐời sau, được hưởng lạc.\" ','177',13),(178,'178. \"Hơn thống lãnh cõi đất,\r\nHơn được sanh cõi trời,\r\nHơn chủ trì vũ trụ,\r\nQuả Dự Lưu tối thắng.\"','178',13),(179,'179. \"Vị chiến thắng không bại,\r\nVị bước đi trên đời,\r\nKhông dấu tích chiến thắng,\r\nPhật giới rộng mênh mông,\r\nAi dùng chân theo dõi\r\nBậc không để dấu tích?\" ','179',14),(180,'180. \"Ai giải tỏa lưới tham,\r\nÁi phược hết dắt dẫn,\r\nPhật giới rộng mênh mông,\r\nAi dùng chân theo dõi,\r\nBậc không để dấu tích?\"','180',14),(181,'181. \"Người trí chuyên thiền định,\r\nThích an tịnh viễn ly,\r\nChư thiên đều ái kính,\r\nBậc chánh giác, chánh niệm.\" ','181',14),(182,'182. \"Khó thay, được làm người,\r\nKhó thay, được sống còn,\r\nKhó thay, nghe diệu pháp,\r\nKhó thay, Phật ra đời!\"','182',14),(183,'183. \"Không làm mọi điều ác.\r\nThành tựu các hạnh lành,\r\nTâm ý giữ trong sạch,\r\nChính lời chư Phật dạy.\" ','183',14),(184,'184. \"Chư Phật thường giảng dạy;\r\nNhẫn, khổ hạnh tối thượng,\r\nNiết bàn, quả tối thượng;\r\nXuất gia không phá người;\r\nSa môn không hại người.\"','184',14),(185,'185. \"Không phỉ báng, phá hoại,\r\nHộ trì giới căn bản,\r\nĂn uống có tiết độ,\r\nSàng tọa chỗ nhàn tịnh\r\nChuyên chú tăng thượng tâm,\r\nChính lời chư Phật dạy.\" ','185',14),(186,'186. \"Dầu mưa bằng tiền vàng,\r\nCác dục khó thỏa mãn.\r\nDục đắng nhiều ngọt ít,\r\nBiết vậy là bậc trí.\" ','186',14),(187,'187. \"Ðệ tử bậc chánh giác,\r\nKhông tìm cầu dục lạc,\r\nDầu là dục chư thiên,\r\nChỉ ưa thích ái diệt.\" ','187',14),(188,'188. \"Loài người sợ hoảng hốt,\r\nTìm nhiều chỗ quy y,\r\nHoặc rừng rậm, núi non,\r\nHoặc vườn cây, đền tháp.\"','188',14),(189,'189. \"Quy y ấy không ổn,\r\nKhông quy y tối thượng.\r\nQuy y các chỗ ấy,\r\nKhông thoát mọi khổ đau.\" ','189',14),(190,'190. \"Ai quy y Ðức Phật,\r\nChánh pháp và chư tăng,\r\nAi dùng chánh tri kiến,\r\nThấy được bốn Thánh đế.\"','190',14),(191,'191. \"Thấy khổ và khổ tập,\r\nThấy sự khổ vượt qua,\r\nThấy đường Thánh tám ngành,\r\nÐưa đến khổ não tận.\" ','191',14),(192,'192. \"Thật quy y an ổn,\r\nThật quy y tối thượng,\r\nCó quy y như vậy,\r\nMới thoát mọi khổ đau.\"','192',14),(193,'193. \"Khó gặp bậc thánh nhơn,\r\nKhông phải đâu cũng có.\r\nChỗ nào bậc trí sanh,\r\nGia đình tất an lạc.\" ','193',14),(194,'194. \"Vui thay, Phật ra đời!\r\nVui thay, Pháp được giảng!\r\nVui thay, Tăng hòa hợp!\r\nHòa hợp tu, vui thay!\" ','194',14),(195,'195. \"Cúng dường bậc đáng cúng,\r\nChư Phật hoặc đệ tử,\r\nCác bậc vượt hý luận,\r\nÐoạn diệt mọi sầu bi.\" ','195',14),(196,'196. \"Cúng dường bậc như vậy,\r\nTịch tịnh, không sợ hãi,\r\nCác công đức như vậy,\r\nKhông ai ước lường được.\"','196',14),(197,'197. \"Vui thay, chúng ta sống,\r\nKhông hận, giữa hận thù!\r\nGiữa những người thù hận,\r\nTa sống, không hận thù!\" ','197',15),(198,'198. \"Vui thay, chúng ta sống,\r\nKhông bệnh, giữa ốm đau!\r\nGiữa những người bệnh hoạn,\r\nTa sống, không ốm đau.\" ','198',15),(199,'199. \"Vui thay, chúng ta sống,\r\nKhông rộn giữa rộn ràng;\r\nGiữa những người rộn ràng,\r\nTa sống, không rộn ràng.\" ','199',15),(200,'200. \"Vui thay chúng ta sống,\r\nKhông gì, gọi của ta.\r\nTa sẽ hưởng hỷ lạc,\r\nNhư chư thiên Quang Âm.\" ','200',15),(201,'201. \"Chiến thắng sinh thù oán,\r\nThất bại chịu khổ đau,\r\nSống tịch tịnh an lạc.\r\nBỏ sau mọi thắng bại.\" ','201',15),(202,'202. \"Lửa nào sánh lửa tham?\r\nÁc nào bằng sân hận?\r\nKhổ nào sánh khổ uẩn,\r\nLạc nào bằng tịnh lạc.\" ','202',15),(203,'203. \"Ðói ăn, bệnh tối thượng,\r\nCác hành, khổ tối thượng,\r\nHiểu như thực là vậy,\r\nNiết Bàn, lạc tối thượng.\" ','203',15),(204,'204. \"Không bệnh, lợi tối thượng,\r\nBiết đủ, tiền tối thượng,\r\nThành tín đối với nhau,\r\nLà bà con tối thượng.\r\nNiết Bàn, lạc tối thượng.\" ','204',15),(205,'205. \"Ðã nếm vị độc cư,\r\nÐược hưởng vị nhàn tịnh,\r\nKhông sợ hải, không ác,\r\nNếm được vị pháp hỷ.\" ','205',15),(206,'206. \"Lành thay, thấy thánh nhân,\r\nSống chung thường hưởng lạc.\r\nKhông thấy những người ngu,\r\nThường thường được an lạc.\"','206',15),(207,'207. \"Sống chung với người ngu,\r\nLâu dài bị lo buồn.\r\nKhổ thay gần người ngu,\r\nNhư thường sống kẻ thù.\r\nVui thay, gần người trí,\r\nNhư chung sống bà con.\" ','207',15),(208,'208. \"Bậc hiền sĩ, trí tuệ\r\nBậc nghe nhiều, trì giới,\r\nBậc tự chế, Thánh nhân;\r\nHãy gần gũi, thân cận\r\nThiện nhân, trí giả ấy,\r\nNhư trăng theo đường sao.\"','208',15),(209,'209. \"Tự chuyên, không đáng chuyên\r\nKhông chuyên, việc đáng chuyên.\r\nBỏ đích, theo hỷ ái,\r\nGanh tị bậc tự chuyên.\" ','209',16),(210,'210. \"Chớ gần gũi người yêu,\r\nTrọn đời xa kẻ ghét.\r\nYêu không gặp là khổ,\r\nOán phải gặp cũng đau.\" ','210',16),(211,'211. \"Do vậy chớ yêu ai,\r\nÁi biệt ly là ác;\r\nNhững ai không yêu ghét,\r\nKhông thể có buộc ràng.\" ','211',16),(212,'212. \"Do ái sinh sầu ưu,\r\nDo ái sinh sợ hãi,\r\nAi thoát khỏi tham ái,\r\nKhông sầu, đâu sợ hãi?\" ','212',16),(213,'213. \"Ái luyến sinh sầu ưu,\r\nÁi luyến sinh sợ hãi.\r\nAi giải thoát ái luyến\r\nKhông sầu, đâu sợ hãi?\" ','213',16),(214,'214. \"Hỷ ái sinh sầu ưu,\r\nHỷ ái sinh sợ hãi.\r\nAi giải thoát hỷ ái,\r\nKhông sầu, đâu sợ hãi? ','214',16),(215,'215. \"Dục ái sinh sầu ưu,\r\nDục ái sinh sợ hãi,\r\nAi thoát khỏi dục ái,\r\nKhông sầu, đâu sợ hãi?\" ','215',16),(216,'216. \"Tham ái sinh sầu ưu,\r\nTham ái sinh sợ hãi.\r\nAi thoát khỏi tham ái,\r\nKhông sầu, đâu sợ hãi.\" ','216',16),(217,'217. \"Ðủ giới đức, chánh kiến;\r\nTrú pháp, chứng chân lý,\r\nTự làm công việc mình,\r\nÐược quần chúng ái kính.\" ','217',16),(218,'218. \"Ước vọng pháp ly ngôn\r\nÝ cảm xúc thượng quả\r\nTâm thoát ly ác dục,\r\nXứng gọi bậc Thượng Lưu.\" ','218',16),(219,'219. \"Khách lâu ngày ly hương,\r\nAn toàn từ xa về,\r\nBà con cùng thân hữu,\r\nHân hoan đón chào mừng.\" ','219',16),(220,'220. \"Cũng vậy các phước nghiệp,\r\nÐón chào người làm lành,\r\nÐời này đến đời kia.\r\nNhư thân nhân, đón chào.\"','220',16),(221,'221. \"Bỏ phẫn nộ, ly mạn,\r\nVượt qua mọi kiết sử,\r\nKhông chấp trước danh sắc.\r\nKhổ không theo vô sản.\" ','221',17),(222,'222. \"Ai chận được phẫn nộ,\r\nNhư dừng xe đang lăn,\r\nTa gọi người đánh xe,\r\nKẻ khác, cầm cương hờ.\"','222',17),(223,'223. \"Lấy không giận thắng giận,\r\nLấy thiện thắng không thiện,\r\nLấy thí thắng xan tham,\r\nLấy chơn thắng hư ngụy.\" ','223',17),(224,'224. \"Nói thật, không phẫn nộ,\r\nCủa ít, thí người xin,\r\nNhờ ba việc lành này,\r\nNgười đến gần thiên giới.\" ','224',17),(225,'225. \"Bậc hiền không hại ai,\r\nThân thường được chế ngự,\r\nÐạt được cảnh bất tử,\r\nÐến đây, không ưu sầu.\"','225',17),(226,'226. \"Những người thường giác tỉnh,\r\nNgày đêm siêng tu học,\r\nChuyên tâm hướng Niết Bàn,\r\nMọi lậu hoặc được tiêu.\"','226',17),(227,'227. \"A-tu-la, nên biết,\r\nXưa vậy, nay cũng vậy,\r\nNgồi im, bị người chê,\r\nNói nhiều bị người chê.\r\nNói vừa phải, bị chê.\r\nLàm người không bị chê,\r\nThật khó tìm ở đời.\" ','227',17),(228,'228. \"Xưa, vị lai, và nay,\r\nÐâu có sự kiện này,\r\nNgười hoàn toàn bị chê,\r\nNgười trọn vẹn được khen.\"','228',17),(229,'229. \"Sáng sáng, thẩm xét kỹ.\r\nBậc có trí tán thán.\r\nBậc trí không tỳ vết,\r\nÐầy đủ giới định tuệ.\" ','229',17),(230,'230. \"Hạnh sáng như vàng ròng,\r\nAi dám chê vị ấy?\r\nChư thiên phải khen thưởng,\r\nPhạm Thiên cũng tán dương \".','230',17),(231,'231. \"Giữ thân đừng phẫn nộ,\r\nPhòng thân khéo bảo vệ,\r\nTừ bỏ thân làm ác,\r\nVới thân làm hạnh lành.\" ','231',17),(232,'232. \"Giữ lời đừng phẫn nộ,\r\nPhòng lời, khéo bảo vệ,\r\nTừ bỏ lời thô ác,\r\nVới lời, nói điều lành.\"','232',17),(233,'233. \"Giữ ý đừng phẫn nộ,\r\nPhòng ý, khéo bảo vệ,\r\nTừ bỏ ý nghĩ ác,\r\nVới ý, nghĩ hạnh lành.’ ','233',17),(234,'234. \"Bậc trí bảo vệ thân,\r\nBảo vệ luôn lời nói\r\nBảo vệ cả tâm tư,\r\nBa nghiệp khéo bảo vệ.\"','234',17),(235,'235. \"Ngươi nay giống lá héo,\r\nDiêm sứ đang chờ ngươi,\r\nNgươi đứng trước cửa chết,\r\nÐường trường thiếu tư lương.\" ','235',18),(236,'236. \"Hãy tự làm hòn đảo,\r\nTinh cần gấp, sáng suốt.\r\nTrừ cấu uế, thanh tịnh,\r\nÐến Thánh địa chư Thiên.\"','236',18),(237,'237. \"Ðời ngươi nay sắp tàn,\r\nTiến gần đến Diêm Vương.\r\nGiữa đường không nơi nghỉ,\r\nÐường trường thiếu tư lương.\"','237',18),(238,'238. \"Hãy tự làm hòn đảo,\r\nTinh cần gấp sáng suốt.\r\nTrừ cấu uế, thanh tịnh,\r\nChẳng trở lại sanh già.\"','238',18),(239,'239. \"Bậc trí theo tuần tự.\r\nTừng sát na trừ dần.\r\nNhư thợ vàng lọc bụi\r\nTrừ cấu uế nơi mình.\" ','239',18),(240,'240. \"Như sét từ sắt sanh,\r\nSắt sanh lại ăn sắt,\r\nCũng vậy, quá lợi dưỡng\r\nTự nghiệp dẫn cõi ác.\"','240',18),(241,'241. \"Không tụng làm nhớp kinh,\r\nKhông đứng dậy, bẩn nhà,\r\nBiếng nhác làm nhơ sắc,\r\nPhóng dật uế người canh\"','241',18),(242,'242. \"Tà hạnh nhơ đàn bà,\r\nXan tham nhớp kẻ thí,\r\nÁc pháp là vết nhơ,\r\nÐời này và đời sau.\"','242',18),(243,'243. \"Trong hàng cấu uế ấy,\r\nVô minh, nhơ tối thượng,\r\nÐoạn nhơ ấy, tỷ kheo,\r\nThành bậc không uế nhiễm.\" ','243',18),(244,'244. \"Dễ thay, sống không hổ\r\nSống lỗ mãng như quạ,\r\nSống công kích huênh hoang,\r\nSống liều lĩnh, nhiễm ô.\"','244',18),(245,'245. \"Khó thay, sống xấu hổ,\r\nThường thường cầu thanh tịnh.\r\nSống vô tư, khiêm tốn,\r\nTrong sạch và sáng suốt.\" ','245',18),(246,'246. \"Ai ở đời sát sinh,\r\nNói láo không chân thật,\r\nỞ đời lấy không cho,\r\nQua lại với vợ người.\"','246',18),(247,'247. \"Uống rượu men, rượu nấu,\r\nNgười sống đam mê vậy,\r\nChính ngay tại đời này,\r\nTự đào bới gốc mình.\" ','247',18),(248,'248. \"Vậy người, hãy nên biết,\r\nKhông chế ngự là ác.\r\nChớ để tham phi pháp,\r\nLàm người đau khổ dài.\"','248',18),(249,'249. \"Do tín tâm, hỷ tâm\r\nLoài người mới bố thí.\r\nỞ đây ai bất mãn\r\nNgười khác được ăn uống,\r\nNgười ấy ngày hoặc đêm,\r\nKhông đạt được tâm định?\" ','249',18),(250,'250. \"Ai cắt được, phá được,\r\nTận gốc nhổ tâm ấy.\r\nNgười ấy ngày hoặc đêm,\r\nÐạt được tâm thiền định.\"','250',18),(251,'251. \"Lửa nào bằng lửa tham!\r\nChấp nào bằng sân hận!\r\nLưới nào bằng lưới si!\r\nSông nào bằng sông ái! \"','251',18),(252,'252. \"Dễ thay thấy lỗi người,\r\nLỗi mình thấy mới khó.\r\nLỗi người ta phanh tìm,\r\nNhư sàng trấu trong gạo,\r\nCòn lỗi mình, che đậy,\r\nNhư kẻ gian dấu bài.\"','252',18),(253,'253. \"Ai thấy lỗi của người,\r\nThường sanh lòng chỉ trích,\r\nNgười ấy lậu hoặc tăng,\r\nRất xa lậu hoặc diệt.\" ','253',18),(254,'254. \"Hư không, không dấu chân,\r\nNgoài đây, không sa môn,\r\nChúng sanh thích hý luận,\r\nNhư lai, hý luận trừ.\"','254',18),(255,'255. \"Hư không, không dấu chân,\r\nNgoài đây, không sa môn.\r\nCác hành không thường trú,\r\nChư Phật không giao động.\"','255',18),(256,'256. \"Ngươi đâu phải pháp trụ,\r\nXử sự quá chuyên chế,\r\nBậc trí cần phân biệt\r\nCả hai chánh và tà!\"','256',19),(257,'257. \"Không chuyên chế, đúng pháp,\r\nCông bằng, dắt dẫn người,\r\nBậc trí sống đúng pháp,\r\nThật xứng danh pháp trụ.\"','257',19),(258,'258. \"Không phải vì nói nhiều,\r\nMới xứng danh bậc trí.\r\nAn ổn, không oán sợ.\r\nThật đáng gọi bậc trí.\"','258',19),(259,'259. \"Không phải vì nói nhiều,\r\nMới xứng danh trì pháp,\r\nNhững ai tuy nghe ít,\r\nNhưng thân hành đúng pháp,\r\nKhông phóng túng chánh pháp,\r\nMới xứng danh trì pháp.\"','259',19),(260,'260. \"Không phải là trưởng lão,\r\nDầu cho có bạc đầu.\r\nNgười chỉ tuổi tác cao,\r\nÐược gọi là: \"Lão ngu.\"','260',19),(261,'261. \"Ai chân thật, đúng pháp,\r\nKhông hại, biết chế phục,\r\nBậc trí không cấu uế,\r\nMới xứng danh Trưởng Lão.\"','261',19),(262,'262. \"Không phải nói lưu loát,\r\nKhông phải sắc mặt đẹp,\r\nThành được người lương thiện,\r\nNếu ganh, tham, dối trá.\"','262',19),(263,'263. \"Ai cắt được, phá được\r\nTận gốc nhổ tâm ấy\r\nNgười trí ấy diệt sân,\r\nÐược gọi người hiền thiện.\"','263',19),(264,'264. \"Ðầu trọc, không sa môn\r\nNếu phóng túng, nói láo.\r\nAi còn đầy dục tham,\r\nSao được gọi sa môn?\"','264',19),(265,'265. \"Ai lắng dịu hoàn toàn,\r\nCác điều ác lớn nhỏ,\r\nVì lắng dịu ác pháp,\r\nÐược gọi là Sa môn.\"','265',19),(266,'266. \"Chỉ khất thực nhờ người,\r\nÐâu phải là tỷ kheo!\r\nPhải theo pháp toàn diện,\r\nKhất sĩ không, không đủ.\"','266',19),(267,'267. \"Ai vượt qua thiện ác,\r\nChuyên sống đời Phạm Hạnh,\r\nSống thẩm sát ở đời,\r\nMới xứng danh tỷ kheo.\"','267',19),(268,'268. \"Im lặng nhưng ngu si,\r\nÐâu được gọi ẩn sĩ?\r\nNhư người cầm cán cân,\r\nBậc trí chọn điều lành.\" ','268',19),(269,'269. \"Từ bỏ các ác pháp,\r\nMới thật là ẩn sĩ.\r\nAi thật hiểu hai đời\r\nMới được gọi ẩn sĩ.\"','269',19),(270,'270. \"Còn sát hại sinh linh,\r\nÐâu được gọi Hiền thánh.\r\nKhông hại mọi hữu tình,\r\nMới được gọi Hiền Thánh.\"','270',19),(271,'271. \"Chẳng phải chỉ giới cấm\r\nCũng không phải học nhiều,\r\nChẳng phải chứng thiền định,\r\nSống thanh vắng một mình.\"','271',19),(272,'272. \"Ta hưởng an ổn lạc,\r\nPhàm phu chưa hưởng được.\r\nTỷ kheo, chớ tự tin\r\nKhi lậu hoặc chưa diệt.\"','272',19),(273,'273. \"Tám chánh, đường thù thắng,\r\nBốn câu, lý thù thắng.\r\nLy tham, pháp thù thắng,\r\nGiữa các loài hai chân,\r\nPháp nhãn, người thù thắng.\" ','273',20),(274,'274. \"Ðường này, không đường khác\r\nÐưa đến kiến thanh tịnh.\r\nNếu ngươi theo đường này,\r\nMa quân sẽ mê loạn.\"','274',20),(275,'275. \"Nếu người theo đường này,\r\nÐau khổ được đoạn tận.\r\nTa dạy người con đường.\r\nVới trí, gai chướng diệt.\" ','275',20),(276,'276. \"Người hãy nhiệt tình làm,\r\nNhư Lai chỉ thuyết dạy.\r\nNgười hành trì thiền định\r\nThoát trói buộc Ác ma.\"','276',20),(277,'277. \"Tất cả hành vô thường \"\r\nVới Tuệ, quán thấy vậy\r\nÐau khổ được nhàm chán;\r\nChính con đường thanh tịnh.\"','277',20),(278,'278. \"Tất cả hành khổ đau\r\nVới Tuệ quán thấy vậy,\r\nÐau khổ được nhàm chán;\r\nChính con đường thanh tịnh.\" ','278',20),(279,'279. \"Tất cả pháp vô ngã,\r\nVới Tuệ quán thấy vậy,\r\nÐau khổ được nhàm chán\r\nChính con đường thanh tịnh.\" ','279',20),(280,'280. \"Khi cần, không nỗ lực,\r\nTuy trẻ mạnh, nhưng lười\r\nChí nhu nhược, biếng nhác.\r\nVới trí tuệ thụ động,\r\nSao tìm được chánh đạo?\"','280',20),(281,'281. \"Lời nói được thận trọng,\r\nTâm tư khéo hộ phòng,\r\nThân chớ làm điều ác,\r\nHãy giữ ba nghiệp tịnh,\r\nChứng đạo Thánh nhân dạy.\" ','281',20),(282,'282. \"Tu Thiền, trí tuệ sanh,\r\nBỏ Thiền, trí tuệ diệt.\r\nBiết con đường hai ngả\r\nÐưa đến hữu, phi hữu,\r\nHãy tự mình nỗ lực,\r\nKhiến trí tuệ tăng trưởng.\"','282',20),(283,'283. \"Ðốn rừng không đốn cây\r\nTừ rừng, sinh sợ hãi;\r\nÐốn rừng (1) và ái dục,\r\nTỷ kheo, hãy tịch tịnh.\" ','283',20),(284,'284. \"Khi nào chưa cắt tiệt,\r\nÁi dục giữa gái trai,\r\nTâm ý vẫn buộc ràng,\r\nNhư bò con vú mẹ.\" ','284',20),(285,'285. \"Tự cắt dây ái dục,\r\nNhư tay bẻ sen thu,\r\nHãy tu đạo tịch tịnh,\r\nNiết-Bàn, Thiện Thệ dạy.\"','285',20),(286,'286. \"Mùa mưa ta ở đây\r\nÐông, hạ cũng ở đây,\r\nNgười ngu tâm tưởng vậy,\r\nKhông tự giác hiểm nguy.\"','286',20),(287,'287. \"Người tâm ý đắm say\r\nCon cái và súc vật,\r\nTử thần bắt người ấy,\r\nNhư lụt trôi làng ngủ. \"','287',20),(288,'288. \"Một khi tử thần đến,\r\nKhông có con che chở,\r\nKhông cha, không bà con,\r\nKhông thân thích che chở.\"','288',20),(289,'289. \"Biết rõ ý nghĩa này,\r\nBậc trí lo trì giới,\r\nMau lẹ làm thanh tịnh,\r\nCon đường đến Niết-Bàn.\"','289',20),(290,'290. \"Nhờ từ bỏ lạc nhỏ,\r\nThấy được lạc lớn hơn,\r\nBậc trí bỏ lạc nhỏ,\r\nThấy được lạc lớn hơn.\"','290',21),(291,'291. \"Gieo khổ đau cho người,\r\nMong cầu lạc cho mình,\r\nBị hận thù buộc ràng\r\nKhông sao thoát hận thù.\"','291',21),(292,'292. \"Việc đáng làm, không làm,\r\nKhông đáng làm, lại làm,\r\nNgười ngạo mạn, phóng dật,\r\nLậu hoặc ắt tăng trưởng.\"','292',21),(293,'293. \"Người siêng năng cần mẫn,\r\nThường thường quán thân niệm,\r\nKhông làm việc không đáng,\r\nGắng làm việc đáng làm,\r\nNgười tư niệm giác tỉnh,\r\nLậu hoặc được tiêu trừ.\" ','293',21),(294,'294. \"Sau khi giết mẹ cha (1),\r\nGiết hai Vua Sát lỵ (2),\r\nGiết vương quốc, quần thần (3)\r\nVô ưu, Phạm chí sống.\"','294',21),(295,'295. \"Sau khi giết mẹ cha,\r\nHai vua Bà-la-môn,\r\nGiết hổ tướng thứ năm (4)\r\nVô ưu, Phạm chí sống.\"','295',21),(296,'296. \"Ðệ tử Gotama,\r\nLuôn luôn tự tỉnh giác\r\nVô luận ngày hay đêm,\r\nThường tưởng niệm Phật Ðà.\"','296',21),(297,'297. \"Ðệ tử Gotama,\r\nLuôn luôn tự tỉnh giác,\r\nVô luận ngày hay đêm,\r\nThường tưởng niệm Chánh Pháp.\"','297',21),(298,'298. \"Ðệ tử Gotama,\r\nLuôn luôn tự tỉnh giác,\r\nVô luận ngày hay đêm,\r\nThường tưởng niệm Tăng già.\"','298',21),(299,'299. \"Ðệ tử Gotama,\r\nLuôn luôn tự tỉnh giác,\r\nVô luận ngày hay đêm,\r\nThường tưởng niệm sắc thân.\"','299',21),(300,'300. \"Ðệ tử Gotama,\r\nLuôn luôn tự tỉnh giác,\r\nVô luận ngày hay đêm,\r\nÝ vui niềm bất hại.\" ','300',21),(301,'301. \"Ðệ tử Gotama,\r\nLuôn luôn tự tỉnh giác,\r\nVô luận ngày hay đêm,\r\nÝ vui tu thiền quán.\"','301',21),(302,'302. \"Vui hạnh xuất gia khó,\r\nTại gia sinh hoạt khó,\r\nSống bạn không đồng, khổ,\r\nTrôi lăn luân hồi, khổ,\r\nVậy chớ sống luân hồi,\r\nChớ chạy theo đau khổ.\"','302',21),(303,'303. \"Tín tâm, sống giới hạnh\r\nÐủ danh xưng tài sản,\r\nChỗ nào người ấy đến,\r\nChỗ ấy được cung kính.\"','303',21),(304,'304. \"Người lành dầu ở xa\r\nSáng tỏ như núi tuyết,\r\nNgười ác dầu ở gần\r\nNhư tên bắn đêm đen.\"','304',21),(305,'305. \"Ai ngồi nằm một mình.\r\nÐộc hành không buồn chán,\r\nTự điều phục một mình\r\nSống thoải mái rừng sâu.\"','305',21),(306,'306. \"Nói láo đọa địa ngục\r\nCó làm nói không làm,\r\nCả hai chết đồng đẳng,\r\nLàm người, nghiệp hạ liệt.\"','306',22),(307,'307. \"Nhiều người khoác cà sa,\r\nÁc hạnh không nhiếp phục.\r\nNgười ác, do ác hạnh,\r\nPhải sanh cõi Ðịa ngục.\"','307',22),(308,'308. \"Tốt hơn nuốt hòn sắt\r\nCháy đỏ như than hồng,\r\nHơn ác giới, buông lung\r\nĂn đồ ăn quốc độ.\"','308',22),(309,'309. \"Bốn nạn chờ đợi người,\r\nPhóng dật theo vợ người;\r\nMắc họa, ngủ không yên,\r\nBị chê là thứ ba,\r\nÐọa địa ngục, thứ bốn.\"','309',22),(310,'310. \"Mắc họa, đọa ác thú,\r\nBị hoảng sợ, ít vui.\r\nQuốc vương phạt trọng hình.\r\nVậy chớ theo vợ người.\"','310',22),(311,'311. \"Như cỏ sa (1) vụng nắm,\r\nTất bị họa đứt tay\r\nHạnh Sa môn tà vạy,\r\nTất bị đọa địa ngục.\"','311',22),(312,'312. \"Sống phóng đãng buông lung,\r\nTheo giới cấm ô nhiễm,\r\nSống Phạm hạnh đáng nghi\r\nSao chứng được quả lớn?','312',22),(313,'313. \"Cần phải làm, nên làm\r\nLàm cùng tận khả năng\r\nXuất gia sống phóng đãng,\r\nChỉ tăng loạn bụi đời.\"','313',22),(314,'314. \"Ác hạnh không nên làm,\r\nLàm xong, chịu khổ lụy,\r\nThiện hạnh, ắt nên làm,\r\nLàm xong, không ăn năn.\"','314',22),(315,'315. \"Như thành ở biên thùy,\r\nTrong ngoài đều phòng hộ\r\nCũng vậy, phòng hộ mình,\r\nSát na chớ buông lung.\r\nGiây phút qua, sầu muộn.\r\nKhi rơi vào địa ngục.\"','315',22),(316,'316. \"Không đáng hổ, lại hổ.\r\nViệc đáng hổ, lại không.\r\nDo chấp nhận tà kiến,\r\nChúng sanh đi ác thú.\"','316',22),(317,'317. \"Không đáng sợ, lại sợ,\r\nÐáng sợ, lại thấy không,\r\nDo chấp nhận tà kiến.\r\nChúng sanh đi ác thú.\"','317',22),(318,'318. \"Không lỗi, lại thấy lỗi,\r\nCó lỗi, lại thấy không,\r\nDo chấp nhận tà kiến,\r\nChúng sanh đi ác thú.\"','318',22),(319,'319. \"Có lỗi, biết có lỗi,\r\nKhông lỗi, biết là không,\r\nDo chấp nhận chánh kiến,\r\nChúng sanh đi cõi lành.\"','319',22),(320,'320. \"Ta như voi giữa trận,\r\nHứng chịu cung tên rơi,\r\nChịu đựng mọi phỉ báng.\r\nÁc giới rất nhiều người.\" ','320',23),(321,'321. \"Voi luyện, đưa dự hội,\r\nNgựa luyện, được vua cưỡi,\r\nNgười luyện, bậc tối thượng\r\nChịu đựng mọi phỉ báng.\"','321',23),(322,'322. \"Tốt thay, con la thuần,\r\nThuần chủng loài ngựa Xinh.\r\nÐại tượng, voi có ngà.\r\nTự điều mới tối thượng.\"','322',23),(323,'323. \"Chẳng phải loài cưỡi ấy,\r\nÐưa người đến Niết-Bàn,\r\nChỉ có người tự điều,\r\nÐến đích, nhờ điều phục.\"','323',23),(324,'324. \"Con voi tên Tài Hộ,\r\nPhát dục, khó điều phục,\r\nTrói buộc, không ăn uống.\r\nVoi nhớ đến rừng voi.\"','324',23),(325,'325. \"Người ưa ngủ, ăn lớn\r\nNằm lăn lóc qua lại,\r\nChẳng khác heo no bụng,\r\nKẻ ngu nhập thai mãi.\"','325',23),(326,'326. \"Trước tâm này buông lung,\r\nChạy theo ái, dục, lạc.\r\nNay Ta chánh chế ngự,\r\nNhư cầm móc điều voi.\"','326',23),(327,'327. \"Hãy vui không phóng dật,\r\nKhéo phòng hộ tâm ý.\r\nKéo mình khỏi ác đạo,\r\nNhư voi bị sa lầy.\"','327',23),(328,'328. \"Nếu được bạn hiền trí\r\nÐáng sống chung, hạnh lành,\r\nNhiếp phục mọi hiểm nguy\r\nHoan hỷ sống chánh niệm.\"','328',23),(329,'329. \"Không gặp bạn hiền trí.\r\nÐáng sống chung, hạnh lành\r\nNhư vua bỏ nước bại,\r\nHãy sống riêng cô độc,\r\nNhư voi sống rừng voi.\"','329',23),(330,'330. \"Tốt hơn sống một mình,\r\nKhông kết bạn người ngu.\r\nÐộc thân, không ác hạnh\r\nSống vô tư vô lự,\r\nNhư voi sống rừng voi.\"','330',23),(331,'331. \"Vui thay, bạn lúc cần!\r\nVui thay, sống biết đủ,\r\nVui thay, chết có đức!\r\nVui thay, mọi khổ đoạn.\"','331',23),(332,'332. \"Vui thay, hiếu kính mẹ,\r\nVui thay, hiếu kính cha,\r\nVui thay, kính Sa môn,\r\nVui thay, kính Hiền Thánh.\"','332',23),(333,'333. \"Vui thay, già có giới!\r\nVui thay, tín an trú!\r\nVui thay, được trí tuệ,\r\nVui thay, ác không làm.\"','333',23),(334,'334. \"Người sống đời phóng dật,\r\nÁi tăng như giây leo.\r\nNhảy đời này đời khác,\r\nNhư vượn tham quả rừng.\" ','334',24),(335,'335. \"Ai sống trong đời này,\r\nBị ái dục buộc ràng\r\nSầu khổ sẽ tăng trưởng,\r\nNhư cỏ Bi gặp mưa.\" ','335',24),(336,'336. \"Ai sống trong đời này\r\nÁi dục được hàng phục\r\nSầu rơi khỏi người ấy\r\nNhư giọt nước lá sen.\"','336',24),(337,'337. \"Ðây điều lành Ta dạy,\r\nCác người tụ họp đây.\r\nHãy nhổ tận gốc ái\r\nNhư nhổ gốc cỏ Bi.\r\nChớ để ma phá hoại,\r\nNhư giòng nước cỏ lau.\"','337',24),(338,'338. \"Như cây bị chặt đốn,\r\nGốc chưa hại vẫn bền\r\nÁi tùy miên chưa nhổ,\r\nKhổ này vẫn sanh hoài.\"','338',24),(339,'339. \"Ba mươi sáu dòng Ái (1),\r\nTrôi người đốn khả ái.\r\nCác tư tưởng tham ái.\r\nCuốn trôi người tà kiến.\"','339',24),(340,'340. \"Dòng ái dục chảy khắp,\r\nNhư giây leo mọc tràn,\r\nThấy giây leo vừa sanh,\r\nVới tuệ, hãy đoạn gốc.\"','340',24),(341,'341. \"Người đời nhớ ái dục,\r\nƯa thích các hỷ lạc.\r\nTuy mong cầu an lạc,\r\nHọ vẫn phải sanh già.\" ','341',24),(342,'342. \"Người bị ái buộc ràng,\r\nVùng vẫy và hoảng sợ,\r\nNhư thỏ bị sa lưới.\r\nHọ sanh ái trói buộc,\r\nChịu khổ đau dài dài.\"','342',24),(343,'343. \"Người bị ái buộc ràng,\r\nVùng vẫy và hoảng sợ,\r\nNhư thỏ bị sa lưới.\r\nDo vậy vị tỷ kheo,\r\nMong cầu mình ly tham\r\nNên nhiếp phục ái dục.\"','343',24),(344,'344. \"Lìa rừng lại hướng rừng (2)\r\nThoát rừng chạy theo rừng.\r\nNên xem người như vậy,\r\nÐược thoát khỏi buộc ràng.\r\nLại chạy theo ràng buộc.\" ','344',24),(345,'345. \"Sắt, cây, gai trói buộc\r\nNgười trí xem chưa bền.\r\nTham châu báu, trang sức\r\nTham vọng vợ và con.\"','345',24),(346,'346. \"Người có trí nói rằng:\r\n\"Trói buộc này thật bền.\r\nRì kéo xuống, lún xuống,\r\nNhưng thật sự khó thoát.\r\nNgười trí cắt trừ nó,\r\nBỏ dục lạc, không màng.\"','346',24),(347,'347. \"Người đắm say ái dục\r\nTự lao mình xuống dòng\r\nNhư nhện sa lưới dệt.\r\nNgười trí cắt trừ nó,\r\nBỏ mọi khổ, không màng.\"','347',24),(348,'348. \"Bỏ quá, hiện, vị lai,\r\nÐến bờ kia cuộc đời,\r\nÝ giải thoát tất cả,\r\nChớ vướng lại sanh già.\"','348',24),(349,'349. \"Người tà ý nhiếp phục,\r\nTham sắc bén nhìn tịnh,\r\nNgười ấy ái tăng trưởng,\r\nLàm giây trói mình chặt.\" ','349',24),(350,'350. \"Ai vui, an tịnh ý,\r\nQuán bất tịnh, thường niệm,\r\nNgười ấy sẽ diệt ái,\r\nCắt đứt Ma trói buộc.\"','350',24),(351,'351. \"Ai tới đích, không sợ,\r\nLy ái, không nhiễm ô\r\nNhổ mũi tên sanh tử,\r\nThân này thân cuối cùng.\" ','351',24),(352,'352. \"Ái lìa, không chấp thủ.\r\nCú pháp khéo biện tài\r\nThấu suốt từ vô ngại,\r\nHiểu thứ lớp trước sau.\r\nThân này thân cuối cùng\r\nVị như vậy được gọi,\r\nBậc Ðại trí, đại nhân.\" ','352',24),(353,'353. \"Ta hàng phục tất cả,\r\nTa rõ biết tất cả,\r\nKhông bị nhiễm pháp nào.\r\nTa từ bỏ tất cả\r\nÁi diệt, tự giải thoát.\r\nÐã tự mình thắng trí,\r\nTa gọi ai thầy ta?\"','353',24),(354,'354. \"Pháp thí, thắng mọi thí!\r\nPháp vị, thắng mọi vị!\r\nPháp hỷ, thắng mọi hỷ!\r\nÁi diệt, dứt mọi khổ!\" ','354',24),(355,'355. \"Tài sản hại người ngu.\r\nKhông người tìm bờ kia\r\nKẻ ngu vì tham giàu,\r\nHại mình và hại người.\"','355',24),(356,'356. \"Cỏ làm hại ruộng vườn,\r\nTham làm hại người đời.\r\nBố thí người ly tham,\r\nDo vậy được quả lớn.\"','356',24),(357,'357. \"Cỏ làm hại ruộng vườn,\r\nSân làm hại người đời.\r\nBố thí người ly sân,\r\nDo vậy được quả lớn.\"','357',24),(358,'358. \"Cỏ làm hại ruộng vườn,\r\nSi làm hại người đời,\r\nBố thí người ly si,\r\nDo vậy được quả lớn.\"','358',24),(359,'359. \"Cỏ làm hại ruộng vườn,\r\nDục làm hại người đời.\r\nBố thí người ly dục,\r\nDo vậy được quả lớn.\"','359',24),(360,'360. \"Lành thay, phòng hộ mắt!\r\nLành thay, phòng hộ tai.\r\nLành thay, phòng hộ mũi,\r\nLành thay, phòng hộ lưỡi.\"','360',25),(361,'361. \"Lành thay,phòng hộ thân!\r\nLành thay, phòng hộ lời,\r\nLành thay, phòng hộ ý.\r\nLành thay, phòng tất cả.\r\nTỷ kheo phòng tất cả.\r\nThoát được mọi khổ đau.\"','361',25),(362,'362. \"Người chế ngự tay chân,\r\nChế ngự lời và đầu,\r\nVui thích nội thiền định.\r\nÐộc thân, biết vừa đủ,\r\nThật xứng gọi tỷ kheo.\" ','362',25),(363,'363. \"Tỷ kheo chế ngự miệng,\r\nVừa lời, không cống cao,\r\nKhi trình bày pháp nghĩa,\r\nLời lẽ dịu ngọt ngào.\"','363',25),(364,'364. \"Vị tỷ kheo thích Pháp,\r\nMến pháp, suy tư Pháp.\r\nTâm tư niệm chánh Pháp,\r\nKhông rời bỏ chánh Pháp.\"','364',25),(365,'365. \"Không khinh điều mình được,\r\nKhông ganh người khác được\r\nTỷ kheo ganh tị người,\r\nKhông sao chứng Thiền Ðịnh.\"','365',25),(366,'366. \"Tỷ kheo dầu được ít,\r\nKhông khinh điều mình được,\r\nSống thanh tịnh không nhác,\r\nChư thiên khen vị này.\" ','366',25),(367,'367. \"Hoàn toàn, đối danh sắc,\r\nKhông chấp Ta, của Ta.\r\nKhông chấp, không sầu não.\r\nThật xứng danh Tỷ kheo.\" ','367',25),(368,'368. \"Tỷ kheo trú từ bi,\r\nTín thành giáo Pháp Phật,\r\nChứng cảnh giới tịch tỉnh.\r\nCác hạnh an tịnh lạc.\" ','368',25),(369,'369. \"Tỷ kheo, tát thuyền này,\r\nThuyền không, nhẹ đi mau.\r\nTrừ tham, diệt sân hận,\r\nTất chứng đạt Niết-Bàn.\"','369',25),(370,'370. \"Ðoạn năm (1), từ bỏ năm (2),\r\nTu tập năm (3) tối thượng,\r\nTỷ kheo cắt năm trói (4),\r\nXứng danh vượt \"bộc lưu\" (5).\"','370',25),(371,'371. \"Tỷ kheo, hãy tu thiền,\r\nChớ buông lung phóng dật,\r\nTâm chớ đắm say dục,\r\nPhóng dật, nuốt sắt nóng\r\nBị đốt, chớ than khổ!\" ','371',25),(372,'372. \"Không trí tuệ, không thiền,\r\nKhông thiền, không trí tuệ.\r\nNgười có thiền có tuệ,\r\nNhất định gần Niết-Bàn.\" ','372',25),(373,'373. \"Bước vào ngôi nhà trống,\r\nTỷ kheo tâm an tịnh,\r\nThọ hưởng vui siêu nhân\r\nTịnh quán theo chánh pháp.\"','373',25),(374,'374. \"Người luôn luôn chánh niệm,\r\nSự sanh diệt các uẩn,\r\nÐược hoan hỷ, hân hoan,\r\nChỉ bậc bất tử biết.\"','374',25),(375,'375. \"Ðây Tỷ kheo có trí,\r\nTụ tập pháp căn bản\r\nHộ căn, biết vừa đủ,\r\nGiữ gìn căn bản giới,\r\nThường gần gũi bạn lành,\r\nSống thanh tịnh tinh cần.\" ','375',25),(376,'376. \"Giao thiệp khéo thân thiện,\r\nCử chỉ mực đoan trang.\r\nDo vậy hưởng vui nhiều,\r\nSẽ dứt mọi khổ đau.\" ','376',25),(377,'377. \"Như hoa Vassikà (6),\r\nQuăng bỏ cánh úa tàn,\r\nCũng vậy vị Tỷ kheo,\r\nHãy giải thoát tham sân.\"','377',25),(378,'378. \"Thân tịnh, lời an tịnh,\r\nAn tịnh, khéo thiền tịnh.\r\nTỷ kheo bỏ thế vật,\r\nXứng danh \"bậc tịch tịnh \". ','378',25),(379,'379. \"Tự mình chỉ trích mình,\r\nTự mình dò xét mình,\r\nTỷ kheo tự phòng hộ\r\nChánh niệm, trú an lạc.\"','379',25),(380,'380. \"Tự mình y chỉ mình,\r\nTự mình đi đến mình,\r\nVậy hãy tự điều phục,\r\nNhư khách buôn ngựa hiền.\" ','380',25),(381,'381. \"Tỷ kheo nhiều hân hoan,\r\nTịnh tín giáo pháp Phật,\r\nChứng cảnh giới tịch tịnh,\r\nCác hạnh an tịnh lạc.\" ','381',25),(382,'382. \"Tỷ kheo tuy tuổi nhỏ\r\nSiêng tu giáo pháp Phật,\r\nSoi sáng thế gian này,\r\nNhư trăng thoát khỏi mây.\"','382',25),(383,'383. \"Hỡi này Bà là môn,\r\nHãy tinh tấn đoạn dòng,\r\nTừ bỏ các dục lạc,\r\nBiết được hành đoạn diệt,\r\nNgười là bậc vô vi.\" ','383',26),(384,'384. \"Nhờ thường trú hai pháp (1)\r\nÐến được bờ bên kia.\r\nBà-la-môn có trí,\r\nMọi kiết sử dứt sạch.\" ','384',26),(385,'385. \"Không bờ này, bờ kia (2)\r\nCả hai bờ không có,\r\nLìa khổ, không trói buộc\r\nTa gọi Bà-la-môn.\"','385',26),(386,'386. \"Tu thiền, trú ly trần\r\nPhận sự xong, vô lậu,\r\nÐạt được đích tối thượng,\r\nTa gọi Bà-la-môn.\"','386',26),(387,'387. \"Mặt trời sáng ban ngày,\r\nMặt trăng sáng ban đêm.\r\nKhí giới sáng Sát lỵ,\r\nThiền định sáng Phạm chí.\r\nCòn hào quang đức Phật,\r\nChói sáng cả ngày đêm.\"','387',26),(388,'388. \"Dứt ác gọi Phạm chí,\r\nTịnh hạnh gọi Sa môn,\r\nTự mình xuất cấu uế,\r\nNên gọi bậc xuất gia.\"','388',26),(389,'389. \"Chớ có đập Phạm chí!\r\nPhạm chí chớ đập lại!\r\nXấu thay đập Phạm chí\r\nÐập trả lại xấu hơn!\"','389',26),(390,'390. \"Ðối với Bà-la-môn,\r\nÐây (3) không lợi ích nhỏ.\r\nKhi ý không ái luyến,\r\nTâm hại được chận đứng,\r\nChỉ khi ấy khổ diệt,\" ','390',26),(391,'391. \"Với người thân miệng ý,\r\nKhông làm các ác hạnh\r\nBa nghiệp được phòng hộ,\r\nTa gọi Bà-la-môn.\" ','391',26),(392,'392. \"Từ ai, biết chánh pháp\r\nBậc Chánh Giác thuyết giảng,\r\nHãy kính lễ vị ấy,\r\nNhư Phạm chí chờ lửa.\"','392',26),(393,'393. \"Ðược gọi Bà-la-môn,\r\nKhông vì đầu bện tóc,\r\nKhông chủng tộc, thọ sanh,\r\nAi thật chân, chánh, tịnh,\r\nMới gọi Bà-la-môn.\" ','393',26),(394,'394. \"Kẻ ngu, có ích gì\r\nBện tóc với da dê,\r\nNội tâm toàn phiền não,\r\nNgoài mặt đánh bóng suông.\" ','394',26),(395,'395. \"Người mặc áo đống rác,\r\nGầy ốm, lộ mạch gân,\r\nÐộc thân thiền trong rừng.\r\nTa gọi Bà-la-môn.\"','395',26),(396,'396. \"Ta không gọi Phạm Chí,\r\nVì chỗ sanh, mẹ sanh.\r\nChỉ được gọi tên suông\r\nNếu tâm còn phiền não.\r\nKhông phiền não, chấp trước\r\nTa gọi Bà-la-môn.\" ','396',26),(397,'397. \"Ðoạn hết các kiết sử,\r\nKhông còn gì lo sợ\r\nKhông đắm trước buộc ràng\r\nTa gọi Bà-la-môn','397',26),(398,'398. \"Bỏ đai da (4), bỏ cương (5)\r\nBỏ dây (6), đồ sở thuộc (7),\r\nBỏ then chốt (8), sáng suốt,\r\nTa gọi Bà-la-môn.\" ','398',26),(399,'399. \"Không ác ý, nhẫn chịu,\r\nPhỉ báng, đánh, phạt hình,\r\nLấy nhẫn làm quân lực,\r\nTa gọi Bà-la-môn.\" ','399',26),(400,'400. \"Không hận, hết bổn phận,\r\nTrì giới, không tham ái,\r\nNhiếp phục, thân cuối cùng,\r\nTa gọi Bà-la-môn.\" ','400',26),(401,'401. \"Như nước trên lá sen,\r\nNhư hột cải đầu kim,\r\nNgười không nhiễm ái dục,\r\nTa gọi Bà-la-môn.\" ','401',26),(402,'402. \"Ai tự trên đời này,\r\nGiác khổ, diệt trừ khổ,\r\nBỏ gánh nặng, giải thoát,\r\nTa gọi Bà-la-môn.\"','402',26),(403,'403. \"Người trí tuệ sâu xa,\r\nKhéo biết đạo, phi đạo\r\nChứng đạt đích vô thượng,\r\nTa gọi Bà-la-môn.\"','403',26),(404,'404. \"Không liên hệ cả hai,\r\nXuất gia và thế tục,\r\nSống độc thân, ít dục,\r\nTa gọi Bà-la-môn.\" ','404',26),(405,'405. \"Bỏ trượng, đối chúng sanh,\r\nYếu kém hay kiên cường,\r\nKhông giết, không bảo giết,\r\nTa gọi Bà-la-môn.\"','405',26),(406,'406. \"Thân thiện giữa thù địch\r\nÔn hòa giữa hung hăng.\r\nKhông nhiễm, giữa nhiễm trước,\r\nTa gọi Bà-la-môn.\"','406',26),(407,'407. \"Người bỏ rơi tham sân,\r\nKhông mạn không ganh tị,\r\nNhư hột cải đầu kim,\r\nTa gọi Bà-la-môn.\"','407',26),(408,'408. \"Nói lên lời ôn hòa,\r\nLợi ích và chân thật,\r\nKhông mất lòng một ai,\r\nTa gọi Bà-la-môn.\"','408',26),(409,'409. \"Ở đời, vật dài, ngắn,\r\nNhỏ, lớn, đẹp hay xấu\r\nPhàm không cho không lấy,\r\nTa gọi Bà-la-môn.\"','409',26),(410,'410. \"Người không có hy cầu,\r\nÐời này và đời sau,\r\nKhông hy cầu, giải thoát,\r\nTa gọi Bà-la-môn.\"','410',26),(411,'411. \"Người không còn tham ái,\r\nCó trí, không nghi hoặc,\r\nThể nhập vào bất tử,\r\nTa gọi Bà-la-môn.\"','411',26),(412,'412. \"Người sống ở đời này\r\nKhông nhiễm cả thiện ác,\r\nKhông sầu, sạch không bụi\r\nTa gọi Bà-la-môn.\"','412',26),(413,'413 \"Như trăng, sạch không uế\r\nSáng trong và tịnh lặng,\r\nHữu ái, được đoạn tận,\r\nTa gọi Bà là môn.\"','413',26),(414,'414. \"Vượt đường nguy hiểm này,\r\nNhiếp phục luân hồi, si,\r\nÐến bờ kia thiền định\r\nKhông dục ái, không nghi,\r\nKhông chấp trước, tịch tịnh,\r\nTa gọi Bà-la-môn.\"','414',26),(415,'415. \"Ai ở đời, đoạn dục,\r\nBỏ nhà, sống xuất gia,\r\nDục hữu được đoạn tận,\r\nTa gọi Bà-la-môn.\"','415',26),(416,'416. \"Ai ở đời đoạn ái\r\nBỏ nhà, sống xuất gia,\r\nÁi hữu được đoạn tận,\r\nTa gọi Bà-la-môn.\"','416',26),(417,'417. \"Bỏ trói buộc loài người,\r\nVượt trói buộc cõi trời.\r\nGiải thoát mọi buộc ràng,\r\nTa gọi Bà-la-môn.\"','417',26),(418,'418. \"Bỏ điều ưa, điều ghét,\r\nMát lạnh, diệt sanh y\r\nBậc anh hùng chiến thắng,\r\nNhiếp phục mọi thế giới,\r\nTa gọi Bà-la-môn.\"','418',26),(419,'419. \"Ai hiểu rõ hoàn toàn\r\nSanh tử các chúng sanh,\r\nKhông nhiễm, khéo vượt qua,\r\nSáng suốt chân giác ngộ,\r\nTa gọi Bà-la-môn.\" ','419',26),(420,'420. \"Với ai, loài trời, người\r\nCùng với Càn thát bà,\r\nKhông biết chỗ thọ sanh\r\nLậu tận bậc La hán.\r\nTa gọi Bà-la-môn.\"','420',26),(421,'421 \"Ai quá, hiện, vị lai\r\nKhông một sở hữu gì,\r\nKhông sở hữu không nắm,\r\nTa gọi Bà-la-môn.\"','421',26),(422,'422. \"Bậc trâu chúa, thù thắng\r\nBậc anh hùng, đại sĩ,\r\nBậc chiến thắng, không nhiễm,\r\nBậc tẩy sạch, giác ngộ,\r\nTa gọi Bà-la-môn.\"','422',26),(423,'423. \"Ai biết được đời trước,\r\nThấy thiên giới, đọa xứ,\r\nÐạt được sanh diệt tận\r\nThắng trí, tự viên thành\r\nBậc mâu ni đạo sĩ.\r\nViên mãn mọi thành tựu\r\nTa gọi Bà-la-môn.\"','423',26);

UNLOCK TABLES;

/*Data for the table `ghichu` */

LOCK TABLES `ghichu` WRITE;

insert  into `ghichu`(`id`,`pham`,`cau`,`thutu`,`noidung`) values (1,1,9,1,'Áo màu vàng, chỉ bậc xuất gia.'),(2,2,30,1,'Ðế Thích: Magha (Manavaka), vị lãnh đạo chư Thiên'),(3,3,37,1,'Trú xứ của Thức'),(4,3,37,2,'Dục giới, sắc giới, vô sắc giới'),(5,3,40,3,'Tức là quán (vipassana) mới chứng được.'),(6,3,40,4,'Ðối với các thiền mới chứng'),(7,3,42,5,'Hướng về 10 pháp bất thiện như sát sanh v.v...'),(8,20,283,1,'Dục vọng'),(9,21,294,1,'Ái dục và mạn.'),(10,21,294,2,'Thường kiến và biên kiến.'),(11,21,294,3,'12 xứ'),(12,21,295,4,'Nghi'),(13,22,311,1,'Cỏ Kusa'),(14,24,339,1,'Tham ái có 3 loại: dục lạc, chấp hữu, chấp phi hữu; kết hợp với 6 căn và 6 trần thành 36 dòng ái'),(15,24,344,2,'Lìa ái dục gia đình, lại chạy theo khổ hạnh ở rừng núi'),(16,25,370,1,'Thân kiến, nghi, giới cấm thủ, dục ái, sân.'),(17,25,370,2,'Sắc ái, vô sắc ái, mạn, trạo cử, vô minh.'),(18,25,370,3,'Tín, tấn, niệm, định, tuệ.'),(19,25,370,4,'5 trói buộc: tham, sân, si, mạn, tà kiến'),(20,25,370,5,'Bộc lưu: dòng nước lũ'),(21,25,377,6,'Bông lài.'),(22,26,384,1,'Thiền Chỉ và Thiền Quán'),(23,26,385,2,'6 nội xứ, 6 ngoại xứ'),(24,26,390,3,'Sự trả đũa, trả thù'),(25,26,389,4,'Hận.'),(26,26,398,5,'Ái.'),(27,26,398,6,'Tà kiến.'),(28,26,398,7,'Tuỳ miên.'),(29,26,398,8,'Vô minh.');

UNLOCK TABLES;

/*Data for the table `pham` */

LOCK TABLES `pham` WRITE;

insert  into `pham`(`id`,`pham`,`ten_pham`) values (1,1,'Phẩm Song Yếu'),(2,2,'Phẩm Không Phóng-Dật'),(3,3,'Phẩm Tâm'),(4,4,'Phẩm Hoa'),(5,5,'Phẩm Ngu'),(6,6,'Phẩm Hiền Trí'),(7,7,'Phẩm A-La-Hán'),(8,8,'Phẩm Ngàn'),(9,9,'Phẩm Ác'),(10,10,'Phẩm Hình-Phạt'),(11,11,'Phẩm Già'),(12,12,'Phẩm Tự-Ngã'),(13,13,'Phẩm Thế-Gian'),(14,14,'Phẩm Phật-Ðà'),(15,15,'Phẩm An Lạc'),(16,16,'Phẩm Hỷ-Ái'),(17,17,'Phẩm Phẫn-Nộ'),(18,18,'Phẩm Cấu-Uế'),(19,19,'Phẩm Pháp Trụ'),(20,20,'Phẩm Đạo'),(21,21,'Phẩm Tạp-Lục'),(22,22,'Phẩm Ðịa Ngục'),(23,23,'Phẩm Voi'),(24,24,'Phẩm Tham Ái'),(25,25,'Phẩm Tỷ Kheo'),(26,26,'Phẩm Bà-La-Môn');

UNLOCK TABLES;

/*!40101 SET SQL_MODE=@OLD_SQL_MODE */;
/*!40014 SET FOREIGN_KEY_CHECKS=@OLD_FOREIGN_KEY_CHECKS */;
